firstname,lastname
Julia,ANDERSSON
Emma,JOHANSSON
Hanna,KARLSSON
Elin,NILSSON
Wilma,ERIKSSON
Ida,LARSSON
Amanda,OLSSON
Linnéa,PERSSON
Matilda,SVENSSON
Maja,GUSTAFSSON
Klara,PETTERSSON
Moa,JONSSON
Sara,JANSSON
Felicia,HANSSON
Ebba,BENGTSSON
Emilia,JÖNSSON
Alva,LINDBERG
Johanna,JAKOBSSON
Sofia,MAGNUSSON
Emelie,LINDSTRÖM
Josefine,OLOFSSON
Alice,LINDQVIST
Tilda,LINDGREN
Anna,BERG
Ellen,AXELSSON
Isabelle,BERGSTRÖM
Rebecca,LUNDBERG
Lovisa,LIND
Tilde,LUNDGREN
Lisa,LUNDQVIST
Linn,MATTSSON
Frida,BERGLUND
Olivia,FREDRIKSSON
Agnes,SANDBERG
Nathalie,HENRIKSSON
Ella,ALI
Jennifer,FORSBERG
Kajsa,MOHAMED
Filippa,SJÖBERG
Elsa,WALLIN
Alma,ENGSTRÖM
Fanny,EKLUND
Saga,DANIELSSON
Sandra,LUNDIN
Alexandra,HÅKANSSON
Lina,BJÖRK
Isabella,BERGMAN
Nora,GUNNARSSON
Victoria,WIKSTRÖM
Louise,HOLM
Nellie,SAMUELSSON
Thea,ISAKSSON
Alicia,FRANSSON
Evelina,BERGQVIST
Tuva,NYSTRÖM
Malin,HOLMBERG
Jasmine,ARVIDSSON
Emmy,LÖFGREN
Cornelia,SÖDERBERG
Sanna,NYBERG
Tova,AHMED
Tove,BLOMQVIST
Madeleine,CLAESSON
Elvira,NORDSTRÖM
Sofie,HASSAN
Jenny,MÅRTENSSON
Annie,LUNDSTRÖM
Mikaela,VIKLUND
Maria,BJÖRKLUND
Ronja,ELIASSON
Selma,BERGGREN
My,PÅLSSON
Stina,SANDSTRÖM
Caroline,NORDIN
Molly,LUND
Jonna,FALK
Erika,STRÖM
Ellinor,ÅBERG
Tindra,EKSTRÖM
Elina,HERMANSSON
Cecilia,HOLMGREN
Vera,DAHLBERG
Carolina,HELLSTRÖM
Nicole,HEDLUND
Andrea,SUNDBERG
Michelle,SJÖGREN
Hilda,EK
Astrid,BLOM
Vendela,ABRAHAMSSON
Miranda,ÖBERG
Karin,MARTINSSON
Linda,ANDREASSON
Jessica,STRÖMBERG
Tyra,MÅNSSON
Therese,HANSEN
Cassandra,ÅKESSON
Gabriella,DAHL
Melissa,LINDHOLM
Angelica,NORBERG
Signe,HOLMQVIST
Filip,ANDERSSON
Oscar,JOHANSSON
Erik,KARLSSON
Anton,NILSSON
William,ERIKSSON
Viktor,LARSSON
Emil,OLSSON
Alexander,PERSSON
Lucas,SVENSSON
Simon,GUSTAFSSON
Linus,PETTERSSON
Albin,JONSSON
Jonathan,JANSSON
Isak,HANSSON
Gustav,BENGTSSON
Elias,JÖNSSON
Adam,LINDBERG
Marcus,JAKOBSSON
Hugo,MAGNUSSON
Rasmus,LINDSTRÖM
Jacob,OLOFSSON
Carl,LINDQVIST
David,LINDGREN
Sebastian,BERG
Axel,AXELSSON
Hampus,BERGSTRÖM
Oliver,LUNDBERG
Ludvig,LIND
Samuel,LUNDGREN
Kevin,LUNDQVIST
Max,MATTSSON
Joel,BERGLUND
Johan,FREDRIKSSON
Daniel,SANDBERG
Felix,HENRIKSSON
Edvin,ALI
Jesper,FORSBERG
Robin,MOHAMED
Gabriel,SJÖBERG
Pontus,WALLIN
Casper,ENGSTRÖM
Martin,EKLUND
Christoffer,DANIELSSON
Andreas,LUNDIN
Mattias,HÅKANSSON
Arvid,BJÖRK
Tim,BERGMAN
Tobias,GUNNARSSON
Benjamin,WIKSTRÖM
Johannes,HOLM
Fredrik,SAMUELSSON
Leo,ISAKSSON
Elliot,FRANSSON
Joakim,BERGQVIST
Dennis,NYSTRÖM
Noah,HOLMBERG
Hannes,ARVIDSSON
Nils,LÖFGREN
Alex,SÖDERBERG
Liam,NYBERG
Olle,AHMED
Niklas,BLOMQVIST
Fabian,CLAESSON
Theodor,NORDSTRÖM
Henrik,HASSAN
John,MÅRTENSSON
Alfred,LUNDSTRÖM
Jonas,VIKLUND
Mikael,BJÖRKLUND
Adrian,ELIASSON
Melvin,BERGGREN
Melker,PÅLSSON
Mohammed,SANDSTRÖM
Theo,NORDIN
Rickard,LUND
Måns,FALK
Josef,STRÖM
Love,ÅBERG
Christian,EKSTRÖM
André,HERMANSSON
Vincent,HOLMGREN
Wilhelm,DAHLBERG
Ali,HELLSTRÖM
Kalle,HEDLUND
August,SUNDBERG
Patrik,SJÖGREN
Emanuel,EK
Julius,BLOM
Herman,ABRAHAMSSON
Malte,ÖBERG
Olof,MARTINSSON
Petter,ANDREASSON
Kim,STRÖMBERG
Douglas,MÅNSSON
Ahmed,HANSEN
Leon,ÅKESSON
Noel,DAHL
Albert,LINDHOLM
Jack,NORBERG
Maximilian,HOLMQVIST
Emma,ANDERSSON
Elin,JOHANSSON
Ida,KARLSSON
Hanna,NILSSON
Linnéa,ERIKSSON
Julia,LARSSON
Wilma,OLSSON
Maja,PERSSON
Alva,SVENSSON
Moa,GUSTAFSSON
Amanda,PETTERSSON
Klara,JONSSON
Matilda,JANSSON
Ebba,HANSSON
Ella,BENGTSSON
Alice,JÖNSSON
Emilia,LINDBERG
Felicia,JAKOBSSON
Sara,MAGNUSSON
Tilda,LINDSTRÖM
Ellen,OLOFSSON
Lovisa,LINDQVIST
Isabelle,LINDGREN
Emelie,BERG
Elsa,AXELSSON
Tilde,BERGSTRÖM
Sofia,LUNDBERG
Frida,LIND
Tindra,LUNDGREN
Olivia,LUNDQVIST
Thea,MATTSSON
Agnes,BERGLUND
Anna,FREDRIKSSON
Saga,SANDBERG
Josefine,HENRIKSSON
Linn,ALI
Johanna,FORSBERG
Oscar,MOHAMED
Erik,SJÖBERG
Filip,WALLIN
Emil,ENGSTRÖM
Alexander,EKLUND
William,DANIELSSON
Anton,LUNDIN
Lucas,HÅKANSSON
Viktor,BJÖRK
Simon,BERGMAN
Albin,GUNNARSSON
Isak,WIKSTRÖM
Elias,HOLM
Linus,SAMUELSSON
Gustav,ISAKSSON
Jacob,FRANSSON
Jonathan,BERGQVIST
Hugo,NYSTRÖM
Oliver,HOLMBERG
Adam,ARVIDSSON
Sebastian,LÖFGREN
Rasmus,SÖDERBERG
Marcus,NYBERG
David,AHMED
Hampus,BLOMQVIST
Axel,CLAESSON
Carl,NORDSTRÖM
Ludvig,HASSAN
Max,MÅRTENSSON
Kevin,LUNDSTRÖM
Samuel,VIKLUND
Edvin,BJÖRKLUND
Joel,ELIASSON
Daniel,BERGGREN
Robin,PÅLSSON
Felix,SANDSTRÖM
Johan,NORDIN
Gabriel,LUND
Jesper,FALK
Casper,STRÖM
Benjamin,ÅBERG
Pontus,EKSTRÖM
Arvid,HERMANSSON
Leo,HOLMGREN
Martin,DAHLBERG
Noah,HELLSTRÖM
Andreas,HEDLUND
Liam,SUNDBERG
Christoffer,SJÖGREN
Tim,EK
Emma,BLOM
Maja,ABRAHAMSSON
Julia,ÖBERG
Alice,MARTINSSON
Ida,ANDREASSON
Linnéa,STRÖMBERG
Elin,MÅNSSON
Alva,HANSEN
Hanna,ÅKESSON
Ella,DAHL
Ebba,LINDHOLM
Wilma,NORBERG
Klara,HOLMQVIST
Moa,ANDERSSON
Amanda,JOHANSSON
Matilda,KARLSSON
Elsa,NILSSON
Sara,ERIKSSON
Emilia,LARSSON
Filippa,OLSSON
Isabelle,PERSSON
Felicia,SVENSSON
Tindra,GUSTAFSSON
Saga,PETTERSSON
Ellen,JONSSON
Agnes,JANSSON
Olivia,HANSSON
Tilda,BENGTSSON
Nellie,JÖNSSON
Emelie,LINDBERG
Oscar,JAKOBSSON
William,MAGNUSSON
Lucas,LINDSTRÖM
Filip,OLOFSSON
Isak,LINDQVIST
Elias,LINDGREN
Alexander,BERG
Emil,AXELSSON
Hugo,BERGSTRÖM
Viktor,LUNDBERG
Erik,LIND
Anton,LUNDGREN
Simon,LUNDQVIST
Albin,MATTSSON
Axel,BERGLUND
Gustav,FREDRIKSSON
Linus,SANDBERG
Oliver,HENRIKSSON
Jonathan,ALI
Liam,FORSBERG
Max,MOHAMED
Leo,SJÖBERG
Ludvig,WALLIN
Adam,ENGSTRÖM
Carl,EKLUND
Kevin,DANIELSSON
Melvin,LUNDIN
Rasmus,HÅKANSSON
Edvin,BJÖRK
David,BERGMAN